{"Number of training samples": 201, "Number of validation samples": 61, "_timestamp": 1713989553.516505, "_runtime": 0.863339900970459, "_step": 0, "_wandb": {"runtime": 4}}