{"Number of training samples": 20001, "Number of validation samples": 6001, "_timestamp": 1713826440.289799, "_runtime": 15.531223058700562, "_step": 0, "_wandb": {"runtime": 4}}