{"Number of training samples": 20001, "Number of validation samples": 6001, "_timestamp": 1713826031.5651011, "_runtime": 0.7560641765594482, "_step": 0, "_wandb": {"runtime": 4}}