{"Number of training samples": 2001, "Number of validation samples": 601, "_timestamp": 1714055323.969701, "_runtime": 0.7690989971160889, "_step": 0, "_wandb": {"runtime": 2}}