{"Number of training samples": 20001, "Number of validation samples": 5001, "_timestamp": 1714015080.782006, "_runtime": 8.455188035964966, "_step": 0}