{"Number of training samples": 20001, "Number of validation samples": 6001, "_timestamp": 1713825980.696789, "_runtime": 0.6957309246063232, "_step": 0, "_wandb": {"runtime": 4}}