{"Number of training samples": 20001, "Number of validation samples": 6001, "_timestamp": 1713825913.4812381, "_runtime": 1.5185861587524414, "_step": 0, "_wandb": {"runtime": 4}}