{"Number of training samples": 20001, "Number of validation samples": 6601, "_timestamp": 1714040268.436338, "_runtime": 22543.783169984818, "_step": 7561, "batch_train_loss": 13.064886093139648, "Train Loss": 13.99618148803711, "Train Accuracy": 0.4925778806209564, "Valid Loss": 16.358747482299805, "Valid Accuracy": 0.4492053985595703, "accuracy 0": 0.39220643043518066, "accuracy 1": 0.452263206243515, "accuracy 2": 0.46948403120040894, "accuracy 3": 0.4801875650882721, "accuracy 4": 0.4879078269004822, "accuracy 5": 0.4933898150920868, "accuracy 6": 0.4989473521709442, "accuracy 7": 0.5029267072677612, "accuracy 8": 0.5065006017684937, "accuracy 9": 0.5104114413261414, "accuracy 10": 0.5134446620941162, "accuracy 11": 0.516120433807373, "loss 0": 19.435909271240234, "loss 1": 15.682229042053223, "loss 2": 14.857853889465332, "loss 3": 14.357304573059082, "loss 4": 14.034994125366211, "loss 5": 13.791022300720215, "loss 6": 13.600728034973145, "loss 7": 13.445028305053711, "loss 8": 13.317955017089844, "loss 9": 13.210598945617676, "loss 10": 13.126827239990234, "loss 11": 13.064886093139648, "val_accuracy 0": 0.39572492241859436, "val_accuracy 1": 0.41143766045570374, "val_accuracy 2": 0.4256215989589691, "val_accuracy 3": 0.43550628423690796, "val_accuracy 4": 0.43957680463790894, "val_accuracy 5": 0.44452139735221863, "val_accuracy 6": 0.44675564765930176, "val_accuracy 7": 0.44899800419807434, "val_accuracy 8": 0.4492053985595703, "val_accuracy 9": 0.44973593950271606, "val_accuracy 10": 0.4501805603504181, "val_accuracy 11": 0.450406938791275, "val_loss 0": 20.413129806518555, "val_loss 1": 18.883636474609375, "val_loss 2": 17.749164581298828, "val_loss 3": 17.098173141479492, "val_loss 4": 16.974557876586914, "val_loss 5": 16.673404693603516, "val_loss 6": 16.536775588989258, "val_loss 7": 16.3966121673584, "val_loss 8": 16.358747482299805, "val_loss 9": 16.380233764648438, "val_loss 10": 16.415943145751953, "val_loss 11": 16.381832122802734, "_wandb": {"runtime": 22543}}