{"Number of training samples": 20001, "Number of validation samples": 6001, "_timestamp": 1713825662.638232, "_runtime": 0.9348130226135254, "_step": 0, "_wandb": {"runtime": 4}}