{"Number of training samples": 201, "Number of validation samples": 61, "_timestamp": 1713989740.214442, "_runtime": 0.8081381320953369, "_step": 0, "_wandb": {"runtime": 4}}