{"Number of training samples": 2001, "Number of validation samples": 601, "_timestamp": 1713994838.954688, "_runtime": 2100.3352460861206, "_step": 441, "batch_train_loss": 14.121797561645508}