{"Number of training samples": 20001, "Number of validation samples": 6001, "_timestamp": 1713926500.418164, "_runtime": 1.0928571224212646, "_step": 0}