{"Number of training samples": 20001, "Number of validation samples": 6001, "_timestamp": 1713910773.010188, "_runtime": 0.7782530784606934, "_step": 0, "_wandb": {"runtime": 6144}}