{"Number of training samples": 20001, "Number of validation samples": 6001, "_timestamp": 1713965305.592312, "_runtime": 9.026491165161133, "_step": 0, "_wandb": {"runtime": 155}}