{"accuracy": [0.0], "loss": [51.25138473510742], "val_accuracy": [0.0], "val_loss": [51.072601318359375]}