{"accuracy": [0.30185213685035706, 0.4401692748069763, 0.45993953943252563, 0.4679395854473114, 0.47457534074783325, 0.4851219952106476, 0.48939192295074463, 0.49159151315689087, 0.4984022378921509, 0.5044612288475037, 0.5110446214675903, 0.516266942024231, 0.5207456946372986, 0.5255030989646912, 0.5296696424484253, 0.5332167744636536, 0.537621796131134, 0.541141152381897], "loss": [26.267772674560547, 16.570791244506836, 15.593840599060059, 15.251317977905273, 14.935747146606445, 14.459823608398438, 14.185145378112793, 14.005062103271484, 13.6995849609375, 13.428630828857422, 13.157940864562988, 12.950000762939453, 12.749127388000488, 12.567602157592773, 12.40137004852295, 12.235538482666016, 12.07170581817627, 11.925649642944336], "val_accuracy": [0.3937874734401703, 0.4197979271411896, 0.4274989664554596, 0.4331294000148773, 0.4329221844673157, 0.444601833820343, 0.43406596779823303, 0.44411829113960266, 0.4525323212146759, 0.45437338948249817, 0.45216017961502075, 0.45823934674263, 0.4594278633594513, 0.4579584002494812, 0.4634529650211334, 0.46073412895202637, 0.46191248297691345, 0.46422699093818665], "val_loss": [19.01523208618164, 17.453227996826172, 17.29762840270996, 16.83279037475586, 16.636850357055664, 16.33513832092285, 16.752790451049805, 16.42598533630371, 16.217798233032227, 16.198421478271484, 16.186960220336914, 15.970064163208008, 15.797383308410645, 15.838144302368164, 15.789474487304688, 15.858545303344727, 15.816956520080566, 15.842196464538574]}