{"acc": [0.0], "loss": [51.08853530883789], "val_acc": [0.0003030303050763905], "val_loss": [50.60002517700195]}