{"acc": [0.08058369159698486, 0.0806373879313469, 0.0806373879313469], "loss": [NaN, NaN, NaN], "val_acc": [0.08059502393007278, 0.08059502393007278, 0.08059502393007278], "val_loss": [NaN, NaN, NaN]}