{"accuracy": [0.0, 0.0, 0.0, 0.007092720363289118, 0.051331777125597, 0.09732232242822647, 0.1468949317932129, 0.14608359336853027, 0.13689538836479187, 0.13280931115150452, 0.13302256166934967, 0.13169080018997192, 0.13040253520011902, 0.1328490674495697, 0.13199052214622498], "loss": [51.305755615234375, 51.172279357910156, 50.9371452331543, 50.56580352783203, 50.020145416259766, 49.269771575927734, 48.27845001220703, 47.20677185058594, 46.176429748535156, 45.19109344482422, 44.30799865722656, 43.36716079711914, 42.39690399169922, 41.404945373535156, 40.339012145996094], "val_accuracy": [0.0, 0.0, 0.0, 0.06786750257015228, 0.11167702823877335, 0.16132505238056183, 0.15418219566345215, 0.15418219566345215, 0.15418219566345215, 0.15418219566345215, 0.15418219566345215, 0.15418219566345215, 0.15418219566345215, 0.15418219566345215, 0.15418219566345215], "val_loss": [50.94646453857422, 50.750465393066406, 50.41333770751953, 49.91193389892578, 49.199317932128906, 48.253658294677734, 47.17132568359375, 46.15071487426758, 45.265350341796875, 44.45830535888672, 43.67626190185547, 42.888587951660156, 42.08447265625, 41.24207305908203, 40.350677490234375]}