{"acc": [0.0], "loss": [51.46013641357422], "val_acc": [0.0], "val_loss": [51.239532470703125]}