{"accuracy": [0.45933446288108826, 0.4947105348110199, 0.5056703686714172, 0.5124276280403137, 0.5171619057655334], "loss": [15.742220878601074, 13.82537841796875, 13.485193252563477, 13.430215835571289, 13.407543182373047], "val_accuracy": [0.4164421856403351, 0.440244197845459, 0.44868549704551697, 0.4531093239784241, 0.4563879370689392], "val_loss": [18.639026641845703, 16.90818977355957, 16.91221809387207, 17.207714080810547, 17.379579544067383]}