{"acc": [0.0], "loss": [51.147705078125], "val_acc": [0.0006213450105860829], "val_loss": [50.68822479248047]}