{"accuracy": [0.07250518351793289, 0.14136169850826263, 0.15995217859745026, 0.2695169448852539, 0.3278484344482422], "loss": [49.16643524169922, 40.90027618408203, 30.813791275024414, 24.724807739257812, 22.23217010498047], "val_accuracy": [0.12973864376544952, 0.12973864376544952, 0.23370972275733948, 0.3013390898704529, 0.34833550453186035], "val_loss": [45.301822662353516, 36.439552307128906, 27.843515396118164, 24.806861877441406, 23.04744529724121]}