{"accuracy": [0.0647926926612854, 0.13816103339195251, 0.17439332604408264, 0.27828696370124817, 0.3371105492115021], "loss": [49.24264907836914, 40.83150863647461, 30.725955963134766, 24.54424285888672, 22.04854965209961], "val_accuracy": [0.12847240269184113, 0.12847240269184113, 0.24465790390968323, 0.30707859992980957, 0.35411202907562256], "val_loss": [45.13592529296875, 36.36194610595703, 27.70150375366211, 24.588336944580078, 22.834684371948242]}