{"accuracy": [0.4524974822998047], "loss": [16.00370979309082], "val_accuracy": [0.3830202519893646], "val_loss": [21.297985076904297]}
