{"acc": [0.3631223142147064, 0.42383846640586853], "loss": [20.148347854614258, 16.412755966186523], "val_acc": [0.35685065388679504, 0.38491731882095337], "val_loss": [20.909347534179688, 19.057817459106445]}