{"acc": [0.0004597035876940936], "loss": [50.99191665649414], "val_acc": [0.0060776169411838055], "val_loss": [50.497337341308594]}