{"accuracy": [0.4474935233592987, 0.4861324727535248, 0.4982866048812866, 0.5057422518730164], "loss": [72.91451263427734, 77.02568817138672, 78.20172882080078, 78.83562469482422], "val_accuracy": [0.4178665578365326, 0.443958044052124, 0.4536464214324951, 0.46161341667175293], "val_loss": [75.07158660888672, 76.67597961425781, 81.22977447509766, 80.26542663574219]}