{"accuracy": [0.39220643043518066, 0.452263206243515, 0.46948403120040894, 0.4801875650882721, 0.4879078269004822, 0.4933898150920868, 0.4989473521709442, 0.5029267072677612, 0.5065006017684937, 0.5104114413261414, 0.5134446620941162, 0.516120433807373], "loss": [19.435909271240234, 15.682229042053223, 14.857853889465332, 14.357304573059082, 14.034994125366211, 13.791022300720215, 13.600728034973145, 13.445028305053711, 13.317955017089844, 13.210598945617676, 13.126827239990234, 13.064886093139648], "val_accuracy": [0.39572492241859436, 0.41143766045570374, 0.4256215989589691, 0.43550628423690796, 0.43957680463790894, 0.44452139735221863, 0.44675564765930176, 0.44899800419807434, 0.4492053985595703, 0.44973593950271606, 0.4501805603504181, 0.450406938791275], "val_loss": [20.413129806518555, 18.883636474609375, 17.749164581298828, 17.098173141479492, 16.974557876586914, 16.673404693603516, 16.536775588989258, 16.3966121673584, 16.358747482299805, 16.380233764648438, 16.415943145751953, 16.381832122802734]}