{"accuracy": [0.16002464294433594, 0.34748393297195435, 0.40697476267814636, 0.42777013778686523, 0.4413079619407654, 0.45154616236686707, 0.4613625407218933, 0.46849730610847473, 0.47729232907295227, 0.48437678813934326], "loss": [38.983707427978516, 21.445953369140625, 18.147714614868164, 16.80400276184082, 16.00542449951172, 15.429750442504883, 14.921927452087402, 14.503931045532227, 14.137593269348145, 13.756006240844727], "val_accuracy": [0.2828533351421356, 0.3692452013492584, 0.38222795724868774, 0.3897572457790375, 0.39327380061149597, 0.39615023136138916, 0.3980872929096222, 0.4026116132736206, 0.3989306390285492, 0.39534759521484375], "val_loss": [26.150245666503906, 21.21358299255371, 20.092025756835938, 19.54214859008789, 19.592853546142578, 19.34935188293457, 19.18132972717285, 19.47307014465332, 19.528589248657227, 19.59693717956543]}