{"accuracy": [0.14217840135097504, 0.34717443585395813, 0.41318991780281067, 0.4355001151561737, 0.45038220286369324, 0.4618892967700958, 0.47242850065231323, 0.4820513129234314, 0.4884188175201416], "loss": [39.01976776123047, 21.6270751953125, 17.99563217163086, 16.55518341064453, 15.74376106262207, 15.13406753540039, 14.631446838378906, 14.235416412353516, 13.905348777770996], "val_accuracy": [0.27313804626464844, 0.37001022696495056, 0.3936913311481476, 0.40817561745643616, 0.4146209955215454, 0.41511857509613037, 0.41766804456710815, 0.41796210408210754, 0.41838470101356506], "val_loss": [26.39561653137207, 21.25533103942871, 19.61123275756836, 19.086694717407227, 18.65622329711914, 18.375774383544922, 18.401840209960938, 18.39594268798828, 18.40831756591797]}