{"Number of training samples": 20001, "Number of validation samples": 6001, "_timestamp": 1713826132.314089, "_runtime": 0.8739480972290039, "_step": 0, "_wandb": {"runtime": 4}}