{"Number of training samples": 20001, "Number of validation samples": 6001, "_timestamp": 1713826512.054094, "_runtime": 1.1941649913787842, "_step": 0, "_wandb": {"runtime": 4}}