{"Number of training samples": 2001, "Number of validation samples": 601, "_timestamp": 1713992407.955193, "_runtime": 328.4031460285187, "_step": 63, "batch_train_loss": 38.93799591064453}