{"Number of training samples": 201, "Number of validation samples": 61, "_timestamp": 1713907659.41795, "_runtime": 1.8282699584960938, "_step": 0}