{"Number of training samples": 201, "Number of validation samples": 61, "_timestamp": 1713908398.4154198, "_runtime": 1.8507537841796875, "_step": 0}