{"Number of training samples": 20001, "Number of validation samples": 6001, "_timestamp": 1713827714.067919, "_runtime": 0.7725660800933838, "_step": 0, "_wandb": {"runtime": 94}}