{"Number of training samples": 21, "Number of validation samples": 7, "_timestamp": 1713909637.632861, "_runtime": 0.876899003982544, "_step": 0}