{"Number of training samples": 2001, "Number of validation samples": 601, "_timestamp": 1714014153.082102, "_runtime": 2239.1903369426727, "_step": 671, "batch_train_loss": 13.756006240844727, "Train Loss": 13.876143455505371, "Train Accuracy": 0.477713406085968, "Valid Loss": 19.18132972717285, "Valid Accuracy": 0.3980872929096222, "accuracy 0": 0.16002464294433594, "accuracy 1": 0.34748393297195435, "accuracy 2": 0.40697476267814636, "accuracy 3": 0.42777013778686523, "accuracy 4": 0.4413079619407654, "accuracy 5": 0.45154616236686707, "accuracy 6": 0.4613625407218933, "accuracy 7": 0.46849730610847473, "accuracy 8": 0.47729232907295227, "accuracy 9": 0.48437678813934326, "loss 0": 38.983707427978516, "loss 1": 21.445953369140625, "loss 2": 18.147714614868164, "loss 3": 16.80400276184082, "loss 4": 16.00542449951172, "loss 5": 15.429750442504883, "loss 6": 14.921927452087402, "loss 7": 14.503931045532227, "loss 8": 14.137593269348145, "loss 9": 13.756006240844727, "val_accuracy 0": 0.2828533351421356, "val_accuracy 1": 0.3692452013492584, "val_accuracy 2": 0.38222795724868774, "val_accuracy 3": 0.3897572457790375, "val_accuracy 4": 0.39327380061149597, "val_accuracy 5": 0.39615023136138916, "val_accuracy 6": 0.3980872929096222, "val_accuracy 7": 0.4026116132736206, "val_accuracy 8": 0.3989306390285492, "val_accuracy 9": 0.39534759521484375, "val_loss 0": 26.150245666503906, "val_loss 1": 21.21358299255371, "val_loss 2": 20.092025756835938, "val_loss 3": 19.54214859008789, "val_loss 4": 19.592853546142578, "val_loss 5": 19.34935188293457, "val_loss 6": 19.18132972717285, "val_loss 7": 19.47307014465332, "val_loss 8": 19.528589248657227, "val_loss 9": 19.59693717956543, "_wandb": {"runtime": 2238}}