{"Number of training samples": 20001, "Number of validation samples": 6001, "_timestamp": 1713841820.5398788, "_runtime": 0.9439148902893066, "_step": 0}