{"Number of training samples": 201, "Number of validation samples": 61, "_timestamp": 1713990996.451374, "_runtime": 0.8389229774475098, "_step": 0, "_wandb": {"runtime": 42}}