{"Number of training samples": 20001, "Number of validation samples": 6001, "_timestamp": 1713827186.9448671, "_runtime": 0.8495421409606934, "_step": 0, "_wandb": {"runtime": 331}}